vendor_id,vendor_name,vendor_category,city,contract_start_date
1001,Vendor_1,Maintenance,Hyderabad,2023-05-15
1002,Vendor_2,Consulting,Chennai,2024-01-30
1003,Vendor_3,Logistics,Mumbai,2022-10-04
1004,Vendor_4,Consulting,Hyderabad,2024-02-07
1005,Vendor_5,Consulting,Pune,2023-12-08
1006,Vendor_6,IT Services,Bengaluru,2021-05-22
1007,Vendor_7,Logistics,Bengaluru,2022-06-06
1008,Vendor_8,Logistics,Mumbai,2019-09-27
1009,Vendor_9,Logistics,Chennai,2024-01-26
1010,Vendor_10,Consulting,Chennai,2021-03-08
1011,Vendor_11,Maintenance,Pune,2022-08-07
1012,Vendor_12,Logistics,Mumbai,2020-12-25
1013,Vendor_13,Consulting,Bengaluru,2022-04-03
1014,Vendor_14,IT Services,Chennai,2019-01-05
1015,Vendor_15,Maintenance,Mumbai,2021-04-30
1016,Vendor_16,IT Services,Chennai,2022-11-03
1017,Vendor_17,Maintenance,Hyderabad,2019-03-19
1018,Vendor_18,Consulting,Chennai,2022-12-04
1019,Vendor_19,Raw Material,Bengaluru,2020-07-27
1020,Vendor_20,Maintenance,Delhi,2019-05-12
1021,Vendor_21,IT Services,Pune,2020-08-23
1022,Vendor_22,Consulting,Pune,2023-11-08
1023,Vendor_23,Maintenance,Bengaluru,2021-12-01
1024,Vendor_24,Raw Material,Chennai,2019-03-30
1025,Vendor_25,Raw Material,Mumbai,2020-02-06
1026,Vendor_26,Logistics,Chennai,2019-10-23
1027,Vendor_27,Logistics,Bengaluru,2024-02-07
1028,Vendor_28,IT Services,Pune,2022-08-11
1029,Vendor_29,Maintenance,Chennai,2020-09-07
1030,Vendor_30,Maintenance,Pune,2023-03-30
1031,Vendor_31,Logistics,Mumbai,2021-03-10
1032,Vendor_32,Maintenance,Pune,2023-09-11
1033,Vendor_33,Maintenance,Pune,2023-07-19
1034,Vendor_34,Raw Material,Delhi,2020-02-26
1035,Vendor_35,Logistics,Delhi,2024-03-03
1036,Vendor_36,Consulting,Hyderabad,2021-11-12
1037,Vendor_37,Logistics,Delhi,2020-07-28
1038,Vendor_38,Consulting,Pune,2019-05-23
1039,Vendor_39,Raw Material,Bengaluru,2021-09-19
1040,Vendor_40,IT Services,Pune,2020-10-26
1041,Vendor_41,Maintenance,Bengaluru,2019-05-25
1042,Vendor_42,Raw Material,Bengaluru,2022-06-02
1043,Vendor_43,Maintenance,Delhi,2021-10-03
1044,Vendor_44,IT Services,Chennai,2020-05-17
1045,Vendor_45,IT Services,Mumbai,2024-06-08
1046,Vendor_46,Raw Material,Delhi,2024-06-20
1047,Vendor_47,IT Services,Delhi,2021-03-31
1048,Vendor_48,Consulting,Chennai,2023-06-28
1049,Vendor_49,IT Services,Mumbai,2019-04-14
1050,Vendor_50,Maintenance,Pune,2024-05-24
1051,Vendor_51,Maintenance,Hyderabad,2021-11-28
1052,Vendor_52,Maintenance,Hyderabad,2024-05-24
1053,Vendor_53,Maintenance,Pune,2019-07-17
1054,Vendor_54,Consulting,Delhi,2023-07-28
1055,Vendor_55,Logistics,Mumbai,2020-08-01
1056,Vendor_56,Raw Material,Delhi,2020-01-26
1057,Vendor_57,Maintenance,Bengaluru,2022-04-17
1058,Vendor_58,IT Services,Delhi,2024-06-14
1059,Vendor_59,Maintenance,Delhi,2020-07-07
1060,Vendor_60,IT Services,Pune,2023-01-11
1061,Vendor_61,IT Services,Pune,2023-03-04
1062,Vendor_62,Maintenance,Pune,2021-11-04
1063,Vendor_63,Consulting,Hyderabad,2023-07-05
1064,Vendor_64,IT Services,Bengaluru,2023-08-20
1065,Vendor_65,IT Services,Pune,2022-08-05
1066,Vendor_66,Maintenance,Mumbai,2020-04-22
1067,Vendor_67,IT Services,Hyderabad,2022-06-08
1068,Vendor_68,IT Services,Chennai,2021-07-11
1069,Vendor_69,Maintenance,Mumbai,2020-02-24
1070,Vendor_70,Maintenance,Mumbai,2019-06-06
1071,Vendor_71,Raw Material,Pune,2020-07-03
1072,Vendor_72,Consulting,Chennai,2023-01-04
1073,Vendor_73,Consulting,Chennai,2022-01-25
1074,Vendor_74,IT Services,Hyderabad,2021-10-17
1075,Vendor_75,Consulting,Chennai,2021-09-23
1076,Vendor_76,IT Services,Bengaluru,2022-12-05
1077,Vendor_77,Raw Material,Pune,2021-08-08
1078,Vendor_78,Maintenance,Chennai,2019-10-16
1079,Vendor_79,Maintenance,Hyderabad,2022-07-01
1080,Vendor_80,Maintenance,Bengaluru,2019-07-15
1081,Vendor_81,Consulting,Delhi,2020-08-20
1082,Vendor_82,Raw Material,Delhi,2024-02-01
1083,Vendor_83,Consulting,Bengaluru,2023-03-26
1084,Vendor_84,Consulting,Hyderabad,2020-05-31
1085,Vendor_85,Raw Material,Bengaluru,2023-07-17
1086,Vendor_86,Raw Material,Pune,2024-02-09
1087,Vendor_87,Raw Material,Pune,2021-05-14
1088,Vendor_88,Raw Material,Delhi,2022-02-15
1089,Vendor_89,Maintenance,Chennai,2021-03-16
1090,Vendor_90,Logistics,Hyderabad,2024-04-16
1091,Vendor_91,Logistics,Delhi,2022-03-28
1092,Vendor_92,Raw Material,Chennai,2021-03-25
1093,Vendor_93,Logistics,Chennai,2019-08-16
1094,Vendor_94,Logistics,Pune,2024-03-15
1095,Vendor_95,Raw Material,Mumbai,2019-08-04
1096,Vendor_96,Logistics,Mumbai,2021-08-05
1097,Vendor_97,Consulting,Bengaluru,2023-09-16
1098,Vendor_98,IT Services,Pune,2019-01-15
1099,Vendor_99,IT Services,Chennai,2022-03-26
1100,Vendor_100,Raw Material,Hyderabad,2023-07-30
1101,Vendor_101,Maintenance,Mumbai,2022-07-08
1102,Vendor_102,Raw Material,Chennai,2022-03-26
1103,Vendor_103,Maintenance,Mumbai,2019-02-16
1104,Vendor_104,IT Services,Mumbai,2019-11-20
1105,Vendor_105,Raw Material,Mumbai,2021-04-23
1106,Vendor_106,Consulting,Hyderabad,2023-09-05
1107,Vendor_107,Logistics,Pune,2019-05-10
1108,Vendor_108,Maintenance,Hyderabad,2022-12-05
1109,Vendor_109,Logistics,Delhi,2019-04-05
1110,Vendor_110,Logistics,Chennai,2020-09-18
1111,Vendor_111,Raw Material,Pune,2021-01-24
1112,Vendor_112,Logistics,Pune,2024-05-09
1113,Vendor_113,Consulting,Pune,2022-08-08
1114,Vendor_114,Logistics,Pune,2021-03-04
1115,Vendor_115,Raw Material,Hyderabad,2024-01-09
1116,Vendor_116,Consulting,Pune,2022-07-30
1117,Vendor_117,IT Services,Bengaluru,2019-03-10
1118,Vendor_118,Logistics,Chennai,2023-08-11
1119,Vendor_119,Raw Material,Pune,2019-01-11
1120,Vendor_120,IT Services,Chennai,2022-07-01
1121,Vendor_121,IT Services,Bengaluru,2024-02-09
1122,Vendor_122,Maintenance,Bengaluru,2021-05-21
1123,Vendor_123,Consulting,Chennai,2020-07-03
1124,Vendor_124,Logistics,Mumbai,2022-03-03
1125,Vendor_125,Raw Material,Delhi,2020-12-12
1126,Vendor_126,Maintenance,Mumbai,2019-01-23
1127,Vendor_127,Consulting,Mumbai,2021-03-25
1128,Vendor_128,Maintenance,Hyderabad,2019-12-12
1129,Vendor_129,Consulting,Mumbai,2019-10-29
1130,Vendor_130,Consulting,Pune,2019-12-29
1131,Vendor_131,Logistics,Hyderabad,2020-01-31
1132,Vendor_132,Consulting,Hyderabad,2019-08-06
1133,Vendor_133,Maintenance,Bengaluru,2019-05-21
1134,Vendor_134,Consulting,Mumbai,2023-06-28
1135,Vendor_135,Logistics,Bengaluru,2021-08-15
1136,Vendor_136,Logistics,Chennai,2022-05-18
1137,Vendor_137,Maintenance,Delhi,2021-09-11
1138,Vendor_138,IT Services,Hyderabad,2021-09-19
1139,Vendor_139,IT Services,Chennai,2023-07-05
1140,Vendor_140,Consulting,Chennai,2023-06-28
1141,Vendor_141,Raw Material,Pune,2021-04-07
1142,Vendor_142,Consulting,Delhi,2020-11-13
1143,Vendor_143,Maintenance,Chennai,2023-01-23
1144,Vendor_144,Maintenance,Chennai,2021-09-30
1145,Vendor_145,Maintenance,Delhi,2019-12-22
1146,Vendor_146,Maintenance,Delhi,2021-10-04
1147,Vendor_147,Maintenance,Chennai,2022-09-09
1148,Vendor_148,Logistics,Delhi,2022-03-02
1149,Vendor_149,IT Services,Chennai,2021-06-06
1150,Vendor_150,Maintenance,Chennai,2024-01-03
1151,Vendor_151,Raw Material,Pune,2024-02-07
1152,Vendor_152,Raw Material,Mumbai,2019-05-07
1153,Vendor_153,Raw Material,Chennai,2022-02-03
1154,Vendor_154,Raw Material,Bengaluru,2021-10-05
1155,Vendor_155,Logistics,Hyderabad,2020-08-26
1156,Vendor_156,Raw Material,Mumbai,2023-12-28
1157,Vendor_157,Maintenance,Mumbai,2022-11-02
1158,Vendor_158,Consulting,Mumbai,2024-04-12
1159,Vendor_159,Raw Material,Pune,2021-10-10
1160,Vendor_160,Logistics,Chennai,2019-02-20
1161,Vendor_161,Logistics,Pune,2021-11-18
1162,Vendor_162,Raw Material,Chennai,2023-01-25
1163,Vendor_163,Consulting,Pune,2022-08-12
1164,Vendor_164,Raw Material,Pune,2022-08-13
1165,Vendor_165,Logistics,Hyderabad,2023-10-16
1166,Vendor_166,IT Services,Bengaluru,2021-02-17
1167,Vendor_167,Maintenance,Pune,2022-12-01
1168,Vendor_168,Logistics,Hyderabad,2023-11-28
1169,Vendor_169,Raw Material,Delhi,2021-03-24
1170,Vendor_170,Maintenance,Bengaluru,2023-06-25
1171,Vendor_171,Raw Material,Pune,2022-11-29
1172,Vendor_172,Raw Material,Mumbai,2022-10-01
1173,Vendor_173,IT Services,Delhi,2023-07-04
1174,Vendor_174,Maintenance,Delhi,2020-02-24
1175,Vendor_175,Maintenance,Hyderabad,2022-04-20
1176,Vendor_176,IT Services,Delhi,2021-09-09
1177,Vendor_177,Logistics,Bengaluru,2021-04-04
1178,Vendor_178,Raw Material,Pune,2021-10-21
1179,Vendor_179,Consulting,Pune,2024-01-29
1180,Vendor_180,Raw Material,Mumbai,2024-05-27
1181,Vendor_181,Raw Material,Hyderabad,2020-07-20
1182,Vendor_182,Logistics,Mumbai,2020-01-06
1183,Vendor_183,Raw Material,Delhi,2021-07-24
1184,Vendor_184,IT Services,Mumbai,2024-04-18
1185,Vendor_185,IT Services,Bengaluru,2020-10-22
1186,Vendor_186,Maintenance,Pune,2022-12-25
1187,Vendor_187,Consulting,Delhi,2021-08-26
1188,Vendor_188,Raw Material,Mumbai,2022-08-25
1189,Vendor_189,Raw Material,Hyderabad,2022-03-06
1190,Vendor_190,Logistics,Bengaluru,2019-07-21
1191,Vendor_191,IT Services,Bengaluru,2022-12-30
1192,Vendor_192,Consulting,Mumbai,2019-11-09
1193,Vendor_193,Maintenance,Pune,2019-04-27
1194,Vendor_194,IT Services,Mumbai,2023-08-17
1195,Vendor_195,Maintenance,Delhi,2021-07-25
1196,Vendor_196,Logistics,Mumbai,2024-01-01
1197,Vendor_197,Logistics,Bengaluru,2020-07-28
1198,Vendor_198,Raw Material,Mumbai,2019-09-01
1199,Vendor_199,Consulting,Pune,2020-06-20
1200,Vendor_200,Maintenance,Hyderabad,2023-06-14
1201,Vendor_201,IT Services,Chennai,2019-03-16
1202,Vendor_202,Logistics,Mumbai,2024-01-04
1203,Vendor_203,Raw Material,Pune,2020-01-21
1204,Vendor_204,Raw Material,Pune,2024-04-10
1205,Vendor_205,Maintenance,Hyderabad,2022-05-18
1206,Vendor_206,Logistics,Bengaluru,2020-04-19
1207,Vendor_207,Consulting,Pune,2020-02-22
1208,Vendor_208,Logistics,Pune,2019-12-13
1209,Vendor_209,Maintenance,Pune,2023-04-02
1210,Vendor_210,Maintenance,Pune,2020-10-01
1211,Vendor_211,Logistics,Delhi,2021-07-27
1212,Vendor_212,Maintenance,Delhi,2021-08-12
1213,Vendor_213,Logistics,Bengaluru,2021-05-25
1214,Vendor_214,IT Services,Mumbai,2021-02-01
1215,Vendor_215,Logistics,Pune,2022-04-17
1216,Vendor_216,Logistics,Hyderabad,2022-04-20
1217,Vendor_217,Maintenance,Mumbai,2020-10-25
1218,Vendor_218,Maintenance,Hyderabad,2019-01-25
1219,Vendor_219,Raw Material,Mumbai,2024-06-13
1220,Vendor_220,Raw Material,Bengaluru,2022-04-18
1221,Vendor_221,IT Services,Pune,2020-12-10
1222,Vendor_222,Raw Material,Pune,2023-03-05
1223,Vendor_223,Logistics,Chennai,2024-02-23
1224,Vendor_224,Maintenance,Hyderabad,2022-03-30
1225,Vendor_225,Raw Material,Mumbai,2019-06-26
1226,Vendor_226,Raw Material,Mumbai,2019-10-12
1227,Vendor_227,IT Services,Delhi,2019-03-04
1228,Vendor_228,IT Services,Chennai,2021-09-29
1229,Vendor_229,Logistics,Delhi,2020-10-23
1230,Vendor_230,Maintenance,Delhi,2020-10-27
1231,Vendor_231,IT Services,Delhi,2019-06-05
1232,Vendor_232,Raw Material,Hyderabad,2024-03-20
1233,Vendor_233,Maintenance,Hyderabad,2023-02-01
1234,Vendor_234,Maintenance,Bengaluru,2021-12-08
1235,Vendor_235,Raw Material,Bengaluru,2021-08-24
1236,Vendor_236,IT Services,Delhi,2021-04-28
1237,Vendor_237,Raw Material,Chennai,2022-01-12
1238,Vendor_238,Maintenance,Mumbai,2022-10-16
1239,Vendor_239,Consulting,Hyderabad,2020-11-19
1240,Vendor_240,Consulting,Chennai,2019-05-28
1241,Vendor_241,Logistics,Pune,2023-07-12
1242,Vendor_242,Raw Material,Hyderabad,2019-12-08
1243,Vendor_243,Raw Material,Hyderabad,2020-04-20
1244,Vendor_244,Logistics,Bengaluru,2021-12-22
1245,Vendor_245,Logistics,Mumbai,2023-09-21
1246,Vendor_246,Logistics,Mumbai,2022-10-15
1247,Vendor_247,Maintenance,Pune,2020-07-14
1248,Vendor_248,Raw Material,Pune,2019-11-23
1249,Vendor_249,Maintenance,Hyderabad,2023-11-28
1250,Vendor_250,Logistics,Delhi,2023-10-26
1251,Vendor_251,Raw Material,Bengaluru,2022-03-10
1252,Vendor_252,Maintenance,Bengaluru,2021-09-16
1253,Vendor_253,Maintenance,Hyderabad,2019-08-03
1254,Vendor_254,Logistics,Chennai,2020-03-10
1255,Vendor_255,Raw Material,Delhi,2024-03-29
1256,Vendor_256,Logistics,Hyderabad,2021-08-09
1257,Vendor_257,Raw Material,Delhi,2020-12-23
1258,Vendor_258,Consulting,Delhi,2022-09-03
1259,Vendor_259,IT Services,Delhi,2019-02-01
1260,Vendor_260,IT Services,Hyderabad,2020-10-31
1261,Vendor_261,IT Services,Bengaluru,2019-10-12
1262,Vendor_262,Logistics,Bengaluru,2022-08-21
1263,Vendor_263,Consulting,Delhi,2020-03-04
1264,Vendor_264,Raw Material,Chennai,2023-02-09
1265,Vendor_265,Maintenance,Mumbai,2019-10-13
1266,Vendor_266,Raw Material,Hyderabad,2022-03-13
1267,Vendor_267,Maintenance,Mumbai,2022-12-18
1268,Vendor_268,Raw Material,Chennai,2021-11-08
1269,Vendor_269,Consulting,Hyderabad,2019-01-18
1270,Vendor_270,Maintenance,Delhi,2021-02-07
1271,Vendor_271,Logistics,Bengaluru,2020-08-12
1272,Vendor_272,Raw Material,Mumbai,2022-10-26
1273,Vendor_273,Raw Material,Pune,2022-04-13
1274,Vendor_274,Maintenance,Pune,2021-10-06
1275,Vendor_275,Logistics,Chennai,2019-07-13
1276,Vendor_276,Logistics,Delhi,2020-05-16
1277,Vendor_277,Consulting,Mumbai,2021-09-14
1278,Vendor_278,Logistics,Delhi,2022-02-10
1279,Vendor_279,Logistics,Mumbai,2019-04-24
1280,Vendor_280,Logistics,Chennai,2022-05-30
1281,Vendor_281,IT Services,Chennai,2023-08-29
1282,Vendor_282,Consulting,Pune,2021-08-04
1283,Vendor_283,Raw Material,Delhi,2021-04-10
1284,Vendor_284,Maintenance,Hyderabad,2023-07-26
1285,Vendor_285,Raw Material,Pune,2024-04-04
1286,Vendor_286,Consulting,Delhi,2022-07-11
1287,Vendor_287,Maintenance,Pune,2021-07-13
1288,Vendor_288,Consulting,Hyderabad,2019-02-24
1289,Vendor_289,Logistics,Bengaluru,2024-03-09
1290,Vendor_290,Maintenance,Bengaluru,2023-07-25
1291,Vendor_291,Logistics,Bengaluru,2021-03-10
1292,Vendor_292,Raw Material,Bengaluru,2021-02-16
1293,Vendor_293,Raw Material,Mumbai,2023-01-21
1294,Vendor_294,Maintenance,Bengaluru,2024-03-16
1295,Vendor_295,Maintenance,Hyderabad,2019-06-11
1296,Vendor_296,Consulting,Chennai,2022-11-04
1297,Vendor_297,Consulting,Chennai,2019-03-28
1298,Vendor_298,Logistics,Mumbai,2019-02-24
1299,Vendor_299,Maintenance,Bengaluru,2023-02-08
1300,Vendor_300,Raw Material,Bengaluru,2023-12-29
1301,Vendor_301,Consulting,Bengaluru,2022-04-16
1302,Vendor_302,Consulting,Pune,2022-11-15
1303,Vendor_303,Raw Material,Delhi,2022-10-04
1304,Vendor_304,Consulting,Pune,2021-10-28
1305,Vendor_305,Logistics,Delhi,2021-04-12
1306,Vendor_306,Maintenance,Bengaluru,2019-11-09
1307,Vendor_307,Raw Material,Bengaluru,2021-01-28
1308,Vendor_308,Maintenance,Pune,2024-02-02
1309,Vendor_309,Consulting,Pune,2020-03-18
1310,Vendor_310,Consulting,Delhi,2023-11-26
1311,Vendor_311,Raw Material,Chennai,2019-11-24
1312,Vendor_312,Logistics,Delhi,2021-12-13
1313,Vendor_313,IT Services,Pune,2021-01-30
1314,Vendor_314,Raw Material,Hyderabad,2022-06-16
1315,Vendor_315,IT Services,Pune,2022-06-06
1316,Vendor_316,IT Services,Hyderabad,2020-08-01
1317,Vendor_317,Logistics,Mumbai,2021-12-10
1318,Vendor_318,IT Services,Pune,2023-06-21
1319,Vendor_319,IT Services,Mumbai,2023-06-16
1320,Vendor_320,Logistics,Chennai,2021-10-03
1321,Vendor_321,IT Services,Delhi,2022-07-11
1322,Vendor_322,IT Services,Hyderabad,2022-12-12
1323,Vendor_323,IT Services,Delhi,2024-01-01
1324,Vendor_324,Raw Material,Mumbai,2019-04-06
1325,Vendor_325,Raw Material,Hyderabad,2022-01-16
1326,Vendor_326,Raw Material,Delhi,2022-01-06
1327,Vendor_327,Logistics,Pune,2022-08-04
1328,Vendor_328,Consulting,Bengaluru,2022-02-17
1329,Vendor_329,IT Services,Mumbai,2021-03-24
1330,Vendor_330,IT Services,Delhi,2020-05-05
1331,Vendor_331,Logistics,Mumbai,2024-04-19
1332,Vendor_332,IT Services,Mumbai,2020-03-27
1333,Vendor_333,Raw Material,Hyderabad,2023-03-04
1334,Vendor_334,Consulting,Hyderabad,2019-06-14
1335,Vendor_335,Maintenance,Bengaluru,2019-07-01
1336,Vendor_336,IT Services,Pune,2020-04-13
1337,Vendor_337,Raw Material,Mumbai,2021-06-28
1338,Vendor_338,Maintenance,Delhi,2021-01-04
1339,Vendor_339,Consulting,Chennai,2021-04-02
1340,Vendor_340,Maintenance,Mumbai,2021-08-01
1341,Vendor_341,Raw Material,Mumbai,2019-01-07
1342,Vendor_342,Maintenance,Bengaluru,2019-11-26
1343,Vendor_343,Logistics,Pune,2021-02-13
1344,Vendor_344,Maintenance,Chennai,2023-08-24
1345,Vendor_345,IT Services,Hyderabad,2019-05-31
1346,Vendor_346,IT Services,Hyderabad,2022-01-13
1347,Vendor_347,Logistics,Delhi,2019-05-27
1348,Vendor_348,Raw Material,Chennai,2023-07-06
1349,Vendor_349,IT Services,Hyderabad,2022-11-05
1350,Vendor_350,Consulting,Delhi,2021-07-03
1351,Vendor_351,IT Services,Pune,2023-04-21
1352,Vendor_352,IT Services,Delhi,2022-08-01
1353,Vendor_353,Raw Material,Hyderabad,2020-11-30
1354,Vendor_354,Maintenance,Bengaluru,2019-03-23
1355,Vendor_355,IT Services,Bengaluru,2020-05-28
1356,Vendor_356,Logistics,Bengaluru,2024-04-04
1357,Vendor_357,Maintenance,Hyderabad,2021-03-25
1358,Vendor_358,Consulting,Bengaluru,2020-12-09
1359,Vendor_359,Raw Material,Chennai,2024-04-23
1360,Vendor_360,Consulting,Pune,2023-03-27
1361,Vendor_361,Maintenance,Delhi,2021-01-15
1362,Vendor_362,Maintenance,Delhi,2021-10-19
1363,Vendor_363,Maintenance,Hyderabad,2022-11-10
1364,Vendor_364,Consulting,Bengaluru,2020-12-07
1365,Vendor_365,Maintenance,Bengaluru,2020-04-15
1366,Vendor_366,Consulting,Mumbai,2022-02-16
1367,Vendor_367,Maintenance,Pune,2020-01-31
1368,Vendor_368,Logistics,Chennai,2023-04-05
1369,Vendor_369,Maintenance,Delhi,2019-09-18
1370,Vendor_370,Consulting,Mumbai,2021-03-15
1371,Vendor_371,IT Services,Mumbai,2021-07-22
1372,Vendor_372,Maintenance,Hyderabad,2022-07-03
1373,Vendor_373,IT Services,Delhi,2023-10-24
1374,Vendor_374,Logistics,Hyderabad,2021-06-23
1375,Vendor_375,Raw Material,Chennai,2022-06-03
1376,Vendor_376,Logistics,Mumbai,2021-12-12
1377,Vendor_377,Maintenance,Mumbai,2021-07-28
1378,Vendor_378,IT Services,Pune,2024-03-05
1379,Vendor_379,IT Services,Chennai,2023-03-04
1380,Vendor_380,Consulting,Mumbai,2023-03-10
1381,Vendor_381,IT Services,Chennai,2021-05-03
1382,Vendor_382,Consulting,Delhi,2022-10-19
1383,Vendor_383,Raw Material,Bengaluru,2022-07-27
1384,Vendor_384,Maintenance,Mumbai,2020-08-15
1385,Vendor_385,Consulting,Pune,2020-12-14
1386,Vendor_386,Raw Material,Delhi,2022-03-27
1387,Vendor_387,IT Services,Chennai,2020-09-23
1388,Vendor_388,IT Services,Hyderabad,2019-02-28
1389,Vendor_389,Raw Material,Delhi,2023-10-17
1390,Vendor_390,IT Services,Mumbai,2019-05-08
1391,Vendor_391,Raw Material,Chennai,2021-01-05
1392,Vendor_392,Consulting,Bengaluru,2020-12-21
1393,Vendor_393,Consulting,Delhi,2024-03-20
1394,Vendor_394,Raw Material,Mumbai,2022-02-12
1395,Vendor_395,Consulting,Pune,2022-05-17
1396,Vendor_396,Consulting,Hyderabad,2020-06-09
1397,Vendor_397,Consulting,Chennai,2020-06-04
1398,Vendor_398,Logistics,Delhi,2020-07-05
1399,Vendor_399,Maintenance,Delhi,2024-06-08
1400,Vendor_400,IT Services,Bengaluru,2019-08-25
1401,Vendor_401,Logistics,Bengaluru,2022-07-28
1402,Vendor_402,Consulting,Pune,2022-10-14
1403,Vendor_403,Raw Material,Hyderabad,2022-05-09
1404,Vendor_404,Consulting,Pune,2023-11-17
1405,Vendor_405,Maintenance,Mumbai,2022-07-25
1406,Vendor_406,Consulting,Mumbai,2022-06-12
1407,Vendor_407,Raw Material,Pune,2020-05-08
1408,Vendor_408,Maintenance,Hyderabad,2019-01-04
1409,Vendor_409,Consulting,Pune,2020-10-27
1410,Vendor_410,Maintenance,Hyderabad,2020-03-17
1411,Vendor_411,IT Services,Hyderabad,2019-01-29
1412,Vendor_412,IT Services,Chennai,2022-02-06
1413,Vendor_413,Consulting,Hyderabad,2020-09-01
1414,Vendor_414,Maintenance,Bengaluru,2023-10-17
1415,Vendor_415,Raw Material,Hyderabad,2021-03-15
1416,Vendor_416,Consulting,Hyderabad,2019-03-16
1417,Vendor_417,IT Services,Hyderabad,2021-04-17
1418,Vendor_418,IT Services,Mumbai,2022-03-15
1419,Vendor_419,Consulting,Bengaluru,2019-05-08
1420,Vendor_420,Maintenance,Bengaluru,2024-02-20
1421,Vendor_421,IT Services,Pune,2019-02-11
1422,Vendor_422,Maintenance,Chennai,2022-10-11
1423,Vendor_423,IT Services,Hyderabad,2019-02-10
1424,Vendor_424,IT Services,Delhi,2021-07-22
1425,Vendor_425,Logistics,Chennai,2019-02-03
1426,Vendor_426,IT Services,Chennai,2021-11-06
1427,Vendor_427,Raw Material,Bengaluru,2023-08-28
1428,Vendor_428,Consulting,Chennai,2022-03-22
1429,Vendor_429,Consulting,Hyderabad,2021-09-24
1430,Vendor_430,Maintenance,Hyderabad,2022-11-02
1431,Vendor_431,IT Services,Mumbai,2020-08-10
1432,Vendor_432,Raw Material,Hyderabad,2023-06-11
1433,Vendor_433,Maintenance,Hyderabad,2023-07-11
1434,Vendor_434,Logistics,Bengaluru,2024-03-12
1435,Vendor_435,Maintenance,Hyderabad,2019-12-08
1436,Vendor_436,Maintenance,Mumbai,2019-01-27
1437,Vendor_437,IT Services,Delhi,2024-01-23
1438,Vendor_438,Logistics,Bengaluru,2022-08-03
1439,Vendor_439,Maintenance,Delhi,2020-10-07
1440,Vendor_440,Raw Material,Bengaluru,2020-12-31
1441,Vendor_441,Raw Material,Pune,2019-06-17
1442,Vendor_442,Consulting,Chennai,2020-09-01
1443,Vendor_443,Logistics,Pune,2019-09-25
1444,Vendor_444,Logistics,Hyderabad,2023-11-08
1445,Vendor_445,Consulting,Delhi,2021-03-31
1446,Vendor_446,Maintenance,Hyderabad,2020-03-30
1447,Vendor_447,Logistics,Chennai,2021-06-24
1448,Vendor_448,Raw Material,Bengaluru,2023-09-05
1449,Vendor_449,Raw Material,Chennai,2022-11-25
1450,Vendor_450,IT Services,Mumbai,2021-07-10
1451,Vendor_451,Logistics,Chennai,2021-09-07
1452,Vendor_452,Maintenance,Mumbai,2023-02-08
1453,Vendor_453,Consulting,Chennai,2020-12-02
1454,Vendor_454,Consulting,Mumbai,2020-09-25
1455,Vendor_455,Maintenance,Delhi,2023-05-01
1456,Vendor_456,IT Services,Hyderabad,2023-05-19
1457,Vendor_457,Consulting,Hyderabad,2019-05-10
1458,Vendor_458,Logistics,Pune,2021-10-16
1459,Vendor_459,IT Services,Hyderabad,2024-01-20
1460,Vendor_460,Logistics,Bengaluru,2022-10-18
1461,Vendor_461,Raw Material,Chennai,2023-09-25
1462,Vendor_462,IT Services,Pune,2021-03-29
1463,Vendor_463,Consulting,Bengaluru,2020-11-23
1464,Vendor_464,IT Services,Bengaluru,2022-08-08
1465,Vendor_465,IT Services,Mumbai,2022-10-26
1466,Vendor_466,IT Services,Hyderabad,2021-03-04
1467,Vendor_467,IT Services,Delhi,2019-01-29
1468,Vendor_468,Logistics,Delhi,2019-05-29
1469,Vendor_469,Raw Material,Pune,2023-12-08
1470,Vendor_470,Maintenance,Delhi,2022-08-12
1471,Vendor_471,IT Services,Chennai,2019-01-11
1472,Vendor_472,Consulting,Delhi,2023-03-16
1473,Vendor_473,IT Services,Pune,2020-11-06
1474,Vendor_474,Consulting,Delhi,2022-02-10
1475,Vendor_475,Logistics,Chennai,2019-07-06
1476,Vendor_476,Consulting,Mumbai,2021-03-17
1477,Vendor_477,Maintenance,Pune,2021-01-13
1478,Vendor_478,Raw Material,Mumbai,2022-06-04
1479,Vendor_479,Consulting,Mumbai,2022-08-26
1480,Vendor_480,Consulting,Mumbai,2019-04-08
1481,Vendor_481,Raw Material,Bengaluru,2019-02-24
1482,Vendor_482,Maintenance,Hyderabad,2020-09-14
1483,Vendor_483,IT Services,Bengaluru,2020-10-25
1484,Vendor_484,Consulting,Hyderabad,2021-01-27
1485,Vendor_485,Raw Material,Mumbai,2020-02-10
1486,Vendor_486,Logistics,Pune,2019-03-10
1487,Vendor_487,Raw Material,Hyderabad,2022-08-28
1488,Vendor_488,Logistics,Chennai,2022-08-05
1489,Vendor_489,Maintenance,Chennai,2023-11-21
1490,Vendor_490,IT Services,Delhi,2023-04-21
1491,Vendor_491,Raw Material,Hyderabad,2021-01-20
1492,Vendor_492,Consulting,Pune,2022-03-17
1493,Vendor_493,Maintenance,Bengaluru,2023-01-30
1494,Vendor_494,Raw Material,Mumbai,2023-10-29
1495,Vendor_495,Consulting,Delhi,2022-06-21
1496,Vendor_496,Raw Material,Chennai,2023-02-23
1497,Vendor_497,Logistics,Bengaluru,2024-02-16
1498,Vendor_498,Raw Material,Bengaluru,2021-08-15
1499,Vendor_499,Raw Material,Mumbai,2023-03-11
1500,Vendor_500,Raw Material,Hyderabad,2019-12-31
